dam,district,date,frl_m,water_level_m,rule_level_m,blue_alert_m,orange_alert_m,red_alert_m,total_live_storage_at_frl_mcm,live_storage_mcm,storage_percentage,spillway_release_cumecs,inflow_cumecs,powerhouse_discharge_cumecs,total_outflow_cumecs,rainfall_mm,source_type,source_url,note
Idukki,Idukki,20.05.2026,732.43,707.96,,,,,,361.71,24.78,0,0.92,6.54,6.54,1.0,KSEB-derived public mirror snapshot,https://raw.githubusercontent.com/amith-vp/Kerala-Dam-Water-Levels/main/live.json,Underlying source stated by the mirror: KSEB Dam Safety Organisation; verify against the original KSEB publication before operational use.
Idamalayar,Ernakulam,20.05.2026,169.0,136.29,169.0,167.5,168.0,168.5,240.22,240.22,23.6,0,1.02,2.97,2.97,4.6,KSEB-derived public mirror snapshot,https://raw.githubusercontent.com/amith-vp/Kerala-Dam-Water-Levels/main/live.json,Underlying source stated by the mirror: KSEB Dam Safety Organisation; verify against the original KSEB publication before operational use.
Anathode,Pathanamthitta,20.05.2026,981.46,943.02,981.46,979.46,980.46,980.96,76.58,76.58,17.15,0,0.75,3.17,3.17,8.0,KSEB-derived public mirror snapshot,https://raw.githubusercontent.com/amith-vp/Kerala-Dam-Water-Levels/main/live.json,Underlying source stated by the mirror: KSEB Dam Safety Organisation; verify against the original KSEB publication before operational use.
Banasura Sagar,Wayanad,20.05.2026,775.6,756.5,775.6,774.1,774.6,775.1,23.55,23.55,11.72,0,0.23,,0,6.8,KSEB-derived public mirror snapshot,https://raw.githubusercontent.com/amith-vp/Kerala-Dam-Water-Levels/main/live.json,Underlying source stated by the mirror: KSEB Dam Safety Organisation; verify against the original KSEB publication before operational use.
Sholayar,Thrissur,20.05.2026,811.683,791.54,0,810.16,810.77,811.07,26.37,26.37,17.69,0,0.49,1.39,1.39,1.0,KSEB-derived public mirror snapshot,https://raw.githubusercontent.com/amith-vp/Kerala-Dam-Water-Levels/main/live.json,Underlying source stated by the mirror: KSEB Dam Safety Organisation; verify against the original KSEB publication before operational use.
Madupetty,Idukki,20.05.2026,1599.59,1569.95,,1596,1597,1598,4.24,4.24,7.74,0,0.76,0,0,5.2,KSEB-derived public mirror snapshot,https://raw.githubusercontent.com/amith-vp/Kerala-Dam-Water-Levels/main/live.json,Underlying source stated by the mirror: KSEB Dam Safety Organisation; verify against the original KSEB publication before operational use.
Anayirankal,Idukki,20.05.2026,1207.02,1198.33,,1205.02,1206.02,1207.02,17.59,17.59,35.31,0,1.06,,0,1.0,KSEB-derived public mirror snapshot,https://raw.githubusercontent.com/amith-vp/Kerala-Dam-Water-Levels/main/live.json,Underlying source stated by the mirror: KSEB Dam Safety Organisation; verify against the original KSEB publication before operational use.
Ponmudi,Idukki,20.05.2026,707.75,690.1,,704.5,705.5,706.5,14.18,14.18,29.92,0,1.16,1.16,1.16,0.0,KSEB-derived public mirror snapshot,https://raw.githubusercontent.com/amith-vp/Kerala-Dam-Water-Levels/main/live.json,Underlying source stated by the mirror: KSEB Dam Safety Organisation; verify against the original KSEB publication before operational use.
Kakkayam,Kozhikode,20.05.2026,758.04,745.3,,755.5,756.5,757.5,7.83,7.83,23.05,0,0.95,0.74,0.74,1.0,KSEB-derived public mirror snapshot,https://raw.githubusercontent.com/amith-vp/Kerala-Dam-Water-Levels/main/live.json,Underlying source stated by the mirror: KSEB Dam Safety Organisation; verify against the original KSEB publication before operational use.
Pamba,Pathanamthitta,20.05.2026,986.33,963.65,,982,983.5,984.5,0.34,0.34,1.09,0,0.36,,0,16.0,KSEB-derived public mirror snapshot,https://raw.githubusercontent.com/amith-vp/Kerala-Dam-Water-Levels/main/live.json,Underlying source stated by the mirror: KSEB Dam Safety Organisation; verify against the original KSEB publication before operational use.
Poringalkuthu,Thrissur,20.05.2026,423.98,414.8,,421,422,423,9.15,9.15,30.2,0,1.74,1.74,1.74,8.2,KSEB-derived public mirror snapshot,https://raw.githubusercontent.com/amith-vp/Kerala-Dam-Water-Levels/main/live.json,Underlying source stated by the mirror: KSEB Dam Safety Organisation; verify against the original KSEB publication before operational use.
Kundala,Idukki,20.05.2026,1758.69,1756.15,,1755,1756,1757,5.66,5.66,73.99,0.44,0.41,0,0.44,0.2,KSEB-derived public mirror snapshot,https://raw.githubusercontent.com/amith-vp/Kerala-Dam-Water-Levels/main/live.json,Underlying source stated by the mirror: KSEB Dam Safety Organisation; verify against the original KSEB publication before operational use.
Kallarkutty,Idukki,20.05.2026,456.59,453.3,,455,,,4.38,4.38,68.12,0,1.28,1.78,1.78,0,KSEB-derived public mirror snapshot,https://raw.githubusercontent.com/amith-vp/Kerala-Dam-Water-Levels/main/live.json,Underlying source stated by the mirror: KSEB Dam Safety Organisation; verify against the original KSEB publication before operational use.
Erattayar,Idukki,20.05.2026,754.38,745.9,,748.28,,,0.67,0.67,12.64,0,,,,0,KSEB-derived public mirror snapshot,https://raw.githubusercontent.com/amith-vp/Kerala-Dam-Water-Levels/main/live.json,Underlying source stated by the mirror: KSEB Dam Safety Organisation; verify against the original KSEB publication before operational use.
Lower Periyar,Idukki,20.05.2026,253.0,249.1,,252,,,2.94,2.94,64.59,0,1.63,1.79,1.79,2.0,KSEB-derived public mirror snapshot,https://raw.githubusercontent.com/amith-vp/Kerala-Dam-Water-Levels/main/live.json,Underlying source stated by the mirror: KSEB Dam Safety Organisation; verify against the original KSEB publication before operational use.
Moozhiyar,Pathanamthitta,20.05.2026,192.63,189.8,,,,190.0,0.77,0.77,66.55,0,2.77,2.31,2.31,8.0,KSEB-derived public mirror snapshot,https://raw.githubusercontent.com/amith-vp/Kerala-Dam-Water-Levels/main/live.json,Underlying source stated by the mirror: KSEB Dam Safety Organisation; verify against the original KSEB publication before operational use.
Kallar,Idukki,20.05.2026,824.48,819.6,,,,823.5,0.16,0.16,21.28,0,,,,0,KSEB-derived public mirror snapshot,https://raw.githubusercontent.com/amith-vp/Kerala-Dam-Water-Levels/main/live.json,Underlying source stated by the mirror: KSEB Dam Safety Organisation; verify against the original KSEB publication before operational use.
Sengulam (Chenkulam),Idukki,20.05.2026,847.64,847.0,,,,,0.24,0.24,60.51,0,0.61,0.57,0.57,1.4,KSEB-derived public mirror snapshot,https://raw.githubusercontent.com/amith-vp/Kerala-Dam-Water-Levels/main/live.json,Underlying source stated by the mirror: KSEB Dam Safety Organisation; verify against the original KSEB publication before operational use.
Kakki (Anathode),Pathanamthitta,01.06.2026,981.46,937.85,975.36,973.36,974.36,974.86,446.51,56.51,12.66,,,,,,Official KSDMA publication of KSEB daily reservoir table,https://sdma.kerala.gov.in/wp-content/uploads/2026/06/KSEB-Site.pdf,Fields directly transcribed from the published KSEB daily table; inflow/rainfall were not present in this table.
Pamba,Pathanamthitta,01.06.2026,986.33,963.6,,982,983.5,984.5,31.15,0.31,1.0,,,,,,Official KSDMA publication of KSEB daily reservoir table,https://sdma.kerala.gov.in/wp-content/uploads/2026/06/KSEB-Site.pdf,Fields directly transcribed from the published KSEB daily table; inflow/rainfall were not present in this table.
Moozhiyar,Pathanamthitta,01.06.2026,192.63,186.4,,,,190.0,1.16,0.41,34.91,,,,,,Official KSDMA publication of KSEB daily reservoir table,https://sdma.kerala.gov.in/wp-content/uploads/2026/06/KSEB-Site.pdf,Fields directly transcribed from the published KSEB daily table; inflow/rainfall were not present in this table.
Idukki,Idukki,01.06.2026,732.434,706.337,723.29,720.852,722.681,722.986,1459.49,309.0,21.17,,,,,,Official KSDMA publication of KSEB daily reservoir table,https://sdma.kerala.gov.in/wp-content/uploads/2026/06/KSEB-Site.pdf,Fields directly transcribed from the published KSEB daily table; inflow/rainfall were not present in this table.
Madupetty,Idukki,01.06.2026,1599.59,1571.4,,1596,1597,1598,54.77,5.69,10.39,,,,,,Official KSDMA publication of KSEB daily reservoir table,https://sdma.kerala.gov.in/wp-content/uploads/2026/06/KSEB-Site.pdf,Fields directly transcribed from the published KSEB daily table; inflow/rainfall were not present in this table.
Anayirankal,Idukki,01.06.2026,1207.02,1194.6,,1205.02,1206.02,1207.02,49.83,9.34,18.75,,,,,,Official KSDMA publication of KSEB daily reservoir table,https://sdma.kerala.gov.in/wp-content/uploads/2026/06/KSEB-Site.pdf,Fields directly transcribed from the published KSEB daily table; inflow/rainfall were not present in this table.
Ponmudi,Idukki,01.06.2026,707.75,687.1,,704.5,705.5,706.5,47.4,10.09,21.29,,,,,,Official KSDMA publication of KSEB daily reservoir table,https://sdma.kerala.gov.in/wp-content/uploads/2026/06/KSEB-Site.pdf,Fields directly transcribed from the published KSEB daily table; inflow/rainfall were not present in this table.
Kundala,Idukki,01.06.2026,1758.69,1744.9,,1755,1756,1757,7.65,0.95,12.44,,,,,,Official KSDMA publication of KSEB daily reservoir table,https://sdma.kerala.gov.in/wp-content/uploads/2026/06/KSEB-Site.pdf,Fields directly transcribed from the published KSEB daily table; inflow/rainfall were not present in this table.
Kallarkutty,Idukki,01.06.2026,456.59,452.75,,455,,,6.43,4.1,63.72,,,,,,Official KSDMA publication of KSEB daily reservoir table,https://sdma.kerala.gov.in/wp-content/uploads/2026/06/KSEB-Site.pdf,Fields directly transcribed from the published KSEB daily table; inflow/rainfall were not present in this table.
Erattayar,Idukki,01.06.2026,754.38,745.8,,,,748.28,5.29,0.43,8.05,,,,,,Official KSDMA publication of KSEB daily reservoir table,https://sdma.kerala.gov.in/wp-content/uploads/2026/06/KSEB-Site.pdf,Fields directly transcribed from the published KSEB daily table; inflow/rainfall were not present in this table.
Lower Periyar,Idukki,01.06.2026,253.0,248.5,,,,252.0,4.55,2.71,59.45,,,,,,Official KSDMA publication of KSEB daily reservoir table,https://sdma.kerala.gov.in/wp-content/uploads/2026/06/KSEB-Site.pdf,Fields directly transcribed from the published KSEB daily table; inflow/rainfall were not present in this table.
Kallar,Idukki,01.06.2026,824.48,819.6,,,,823.5,0.76,0.16,21.28,,,,,,Official KSDMA publication of KSEB daily reservoir table,https://sdma.kerala.gov.in/wp-content/uploads/2026/06/KSEB-Site.pdf,Fields directly transcribed from the published KSEB daily table; inflow/rainfall were not present in this table.
Idamalayar,Ernakulam,01.06.2026,169.0,135.26,161.0,159.5,160.0,160.5,1017.8,223.9,22.0,,,,,,Official KSDMA publication of KSEB daily reservoir table,https://sdma.kerala.gov.in/wp-content/uploads/2026/06/KSEB-Site.pdf,Fields directly transcribed from the published KSEB daily table; inflow/rainfall were not present in this table.
Sholayar,Thrissur,01.06.2026,811.682,788.944,,810.158,810.768,811.073,149.09,18.11,12.15,,,,,,Official KSDMA publication of KSEB daily reservoir table,https://sdma.kerala.gov.in/wp-content/uploads/2026/06/KSEB-Site.pdf,Fields directly transcribed from the published KSEB daily table; inflow/rainfall were not present in this table.
Poringalkuthu,Thrissur,01.06.2026,423.98,414.2,,421.0,422.0,423.0,30.3,8.25,27.23,,,,,,Official KSDMA publication of KSEB daily reservoir table,https://sdma.kerala.gov.in/wp-content/uploads/2026/06/KSEB-Site.pdf,Fields directly transcribed from the published KSEB daily table; inflow/rainfall were not present in this table.
Kuttiyadi,Kozhikode,01.06.2026,758.04,747.06,,755.5,756.5,757.5,33.98,10.54,31.02,,,,,,Official KSDMA publication of KSEB daily reservoir table,https://sdma.kerala.gov.in/wp-content/uploads/2026/06/KSEB-Site.pdf,Fields directly transcribed from the published KSEB daily table; inflow/rainfall were not present in this table.
Banasurasagar,Wayanad,01.06.2026,775.6,754.7,767.0,765.5,766.0,766.5,201.0,14.55,7.24,,,,,,Official KSDMA publication of KSEB daily reservoir table,https://sdma.kerala.gov.in/wp-content/uploads/2026/06/KSEB-Site.pdf,Fields directly transcribed from the published KSEB daily table; inflow/rainfall were not present in this table.
Kakki (Anathode),Pathanamthitta,18.03.2026,981.46,964.06,981.46,979.46,980.46,980.96,446.51,217.54,48.72,,,,,,Official KSDMA publication of KSEB daily reservoir table,https://sdma.kerala.gov.in/wp-content/uploads/2026/03/KSEB-SITE-16.pdf,Fields directly transcribed from the published KSEB daily table; inflow/rainfall were not present in this table.
Pamba,Pathanamthitta,18.03.2026,986.33,964.25,,982,983.5,984.5,31.15,0.81,2.6,,,,,,Official KSDMA publication of KSEB daily reservoir table,https://sdma.kerala.gov.in/wp-content/uploads/2026/03/KSEB-SITE-16.pdf,Fields directly transcribed from the published KSEB daily table; inflow/rainfall were not present in this table.
Moozhiyar,Pathanamthitta,18.03.2026,192.63,187.55,,,,190.0,1.16,0.52,45.13,,,,,,Official KSDMA publication of KSEB daily reservoir table,https://sdma.kerala.gov.in/wp-content/uploads/2026/03/KSEB-SITE-16.pdf,Fields directly transcribed from the published KSEB daily table; inflow/rainfall were not present in this table.
Idukki,Idukki,18.03.2026,732.434,717.03,732.434,729.996,731.825,732.13,1459.49,699.56,47.93,,,,,,Official KSDMA publication of KSEB daily reservoir table,https://sdma.kerala.gov.in/wp-content/uploads/2026/03/KSEB-SITE-16.pdf,Fields directly transcribed from the published KSEB daily table; inflow/rainfall were not present in this table.
Madupetty,Idukki,18.03.2026,1599.59,1588.75,,1596,1597,1598,54.77,28.84,52.66,,,,,,Official KSDMA publication of KSEB daily reservoir table,https://sdma.kerala.gov.in/wp-content/uploads/2026/03/KSEB-SITE-16.pdf,Fields directly transcribed from the published KSEB daily table; inflow/rainfall were not present in this table.
Anayirankal,Idukki,18.03.2026,1207.02,1207.02,,1205.02,1206.02,1207.02,49.83,49.84,100.0,,,,,,Official KSDMA publication of KSEB daily reservoir table,https://sdma.kerala.gov.in/wp-content/uploads/2026/03/KSEB-SITE-16.pdf,Fields directly transcribed from the published KSEB daily table; inflow/rainfall were not present in this table.
Ponmudi,Idukki,18.03.2026,707.75,701.45,,704.5,705.5,706.5,47.4,33.06,69.75,,,,,,Official KSDMA publication of KSEB daily reservoir table,https://sdma.kerala.gov.in/wp-content/uploads/2026/03/KSEB-SITE-16.pdf,Fields directly transcribed from the published KSEB daily table; inflow/rainfall were not present in this table.
Kundala,Idukki,18.03.2026,1758.69,1758.5,,1755.0,1756.0,1757.0,7.65,7.28,95.16,0.34,,,,,Official KSDMA publication of KSEB daily reservoir table,https://sdma.kerala.gov.in/wp-content/uploads/2026/03/KSEB-SITE-16.pdf,Fields directly transcribed from the published KSEB daily table; inflow/rainfall were not present in this table.
Kallarkutty,Idukki,18.03.2026,456.59,454.2,,455,,,6.43,4.95,77.0,,,,,,Official KSDMA publication of KSEB daily reservoir table,https://sdma.kerala.gov.in/wp-content/uploads/2026/03/KSEB-SITE-16.pdf,Fields directly transcribed from the published KSEB daily table; inflow/rainfall were not present in this table.
Erattayar,Idukki,18.03.2026,754.38,746.5,,,,748.28,5.29,0.79,14.94,,,,,,Official KSDMA publication of KSEB daily reservoir table,https://sdma.kerala.gov.in/wp-content/uploads/2026/03/KSEB-SITE-16.pdf,Fields directly transcribed from the published KSEB daily table; inflow/rainfall were not present in this table.
Lower Periyar,Idukki,18.03.2026,253.0,251.3,,,,252.0,4.55,3.83,84.09,,,,,,Official KSDMA publication of KSEB daily reservoir table,https://sdma.kerala.gov.in/wp-content/uploads/2026/03/KSEB-SITE-16.pdf,Fields directly transcribed from the published KSEB daily table; inflow/rainfall were not present in this table.
Kallar,Idukki,18.03.2026,824.48,819.1,,,,823.5,0.76,0.79,100.0,,,,,,Official KSDMA publication of KSEB daily reservoir table,https://sdma.kerala.gov.in/wp-content/uploads/2026/03/KSEB-SITE-16.pdf,Fields directly transcribed from the published KSEB daily table; inflow/rainfall were not present in this table.
Idamalayar,Ernakulam,18.03.2026,169.0,145.98,169.0,167.5,168.0,168.5,1017.8,427.58,42.01,,,,,,Official KSDMA publication of KSEB daily reservoir table,https://sdma.kerala.gov.in/wp-content/uploads/2026/03/KSEB-SITE-16.pdf,Fields directly transcribed from the published KSEB daily table; inflow/rainfall were not present in this table.
Sholayar,Thrissur,18.03.2026,811.682,803.453,,810.158,810.768,811.073,149.09,85.09,57.07,,,,,,Official KSDMA publication of KSEB daily reservoir table,https://sdma.kerala.gov.in/wp-content/uploads/2026/03/KSEB-SITE-16.pdf,Fields directly transcribed from the published KSEB daily table; inflow/rainfall were not present in this table.
Poringalkuthu,Thrissur,18.03.2026,423.98,416.6,,421.0,422.0,423.0,30.3,12.3,40.59,,,,,,Official KSDMA publication of KSEB daily reservoir table,https://sdma.kerala.gov.in/wp-content/uploads/2026/03/KSEB-SITE-16.pdf,Fields directly transcribed from the published KSEB daily table; inflow/rainfall were not present in this table.
Kuttiyadi,Kozhikode,18.03.2026,758.04,752.67,,755.5,756.5,757.5,33.98,21.14,62.2,,,,,,Official KSDMA publication of KSEB daily reservoir table,https://sdma.kerala.gov.in/wp-content/uploads/2026/03/KSEB-SITE-16.pdf,Fields directly transcribed from the published KSEB daily table; inflow/rainfall were not present in this table.
Banasurasagar,Wayanad,18.03.2026,775.6,763.95,775.6,774.1,774.6,775.1,201.0,75.35,37.49,,,,,,Official KSDMA publication of KSEB daily reservoir table,https://sdma.kerala.gov.in/wp-content/uploads/2026/03/KSEB-SITE-16.pdf,Fields directly transcribed from the published KSEB daily table; inflow/rainfall were not present in this table.
